Paid At,Principal Payment,Interest Payment,Total Payment,Remaining Principal
2018-09-10,1568.9,466.67,2035.5700000000002,138431.1
2018-10-10,1574.13,461.44,2035.5700000000002,136856.97
2018-11-10,2079.37,456.19,2535.56,134777.6
2018-12-10,2086.3,449.26,2535.5600000000004,132691.30000000002
2019-01-10,1593.26,442.3,2035.56,131098.04
2019-02-10,2098.57,436.99,2535.5600000000004,128999.47
2019-03-10,1605.56,430,2035.56,127393.91
2019-04-10,1610.92,424.65,2035.5700000000002,125782.99
2019-05-10,1616.29,419.28,2035.57,124166.70000000001
2019-06-10,1621.67,413.89,2035.56,122545.03000000001
2019-07-10,1127.08,408.48,1535.56,121417.95000000001
2019-08-10,1630.84,404.73,2035.57,119787.11000000002
2019-09-10,1636.27,399.29,2035.56,118150.84000000001
2019-10-10,1641.73,393.84,2035.57,116509.11000000002
2019-11-10,2147.2,388.36,2535.56,114361.91000000002
2019-12-10,1654.16,381.21,2035.3700000000001,112707.75000000001
2020-01-10,1659.87,375.69,2035.56,111047.88000000002
2020-02-10,1665.4,370.16,2035.5600000000002,109382.48000000003
2020-03-10,1670.95,364.61,2035.56,107711.53000000003
2020-04-10,1176.52,359.04,1535.56,106535.01000000002
2020-05-10,1680.45,355.12,2035.5700000000002,104854.56000000003
2020-06-10,1686.05,349.52,2035.57,103168.51000000002
2020-07-10,1691.67,343.9,2035.5700000000002,101476.84000000003
2020-08-10,1781.87,253.69,2035.56,99694.97000000003
2020-09-10,1786.32,249.24,2035.56,97908.65000000002
2020-10-10,1790.79,244.77,2035.56,96117.86000000003
2020-11-10,1795.27,240.29,2035.56,94322.59000000003
2020-12-10,1799.75,235.81,2035.56,92522.84000000003
2021-01-10,2304.25,231.31,2535.56,90218.59000000003
2021-02-10,1810.01,225.55,2035.56,88408.58000000003
2021-03-10,2,221.02,223.02,88406.58000000003
2021-04-10,1820.32,215.24,2035.56,86586.26000000002