Payment Date,Principal Payment,Interest Payment
9/10/18,1568.896429,466.6666667
10/10/18,1574.126084,461.4370119
11/10/18,2079.373171,456.189925
12/10/18,2086.304415,449.2586811
1/10/19,1593.258763,442.304333
2/10/19,2098.569625,436.9934705
3/10/19,1605.564857,429.9982384
4/10/19,1610.91674,424.6463555
5/10/19,1616.286463,419.2766331
6/10/19,1621.674084,413.8890115
7/10/19,1127.079665,408.4834312
8/10/19,1630.836597,404.726499
9/10/19,1636.272719,399.290377
10/10/19,1641.726961,393.8361346
11/10/19,2147.199384,388.3637114
12/10/19,1654.156716,381.2063801
1/10/20,1659.870571,375.6925244
2/10/20,1665.403473,370.1596225
3/10/20,1670.954818,364.6082776
4/10/20,1176.524668,359.0384282
5/10/20,1680.446417,355.1166793
6/10/20,1686.047905,349.5151913
7/10/20,1691.668064,343.8950316
8/10/20,1781.8679,253.6921
9/10/20,1786.32257,249.2374303
10/10/20,1790.788376,244.7716238
11/10/20,1795.265347,240.2946529
12/10/20,1799.75351,235.8064895
1/10/21,2304.252894,231.3071057
2/10/21,1810.013526,225.5464735
3/10/21,"2,314.54",221.0214397
4/10/21,1820.324907,215.2350933